{
  "overall": {
    "control": {
      "small_accuracy": 0.8438661710037175,
      "large_accuracy": 0.40217391304347827,
      "gap": 0.44169225796023925,
      "n_small": 269,
      "n_large": 460
    },
    "brief": {
      "small_accuracy": 0.8130434782608695,
      "large_accuracy": 0.6652173913043479,
      "gap": 0.14782608695652166,
      "n_small": 230,
      "n_large": 460
    },
    "direct": {
      "small_accuracy": 0.6956521739130435,
      "large_accuracy": 0.6173913043478261,
      "gap": 0.07826086956521738,
      "n_small": 230,
      "n_large": 460
    },
    "gap_reduction": {
      "brief": 66.53188180404356,
      "direct": 82.28158448449364
    }
  },
  "by_dataset": {
    "gsm8k": {
      "control": {
        "small_accuracy": 0.9384615384615385,
        "large_accuracy": 0.8076923076923077,
        "gap": 0.13076923076923075
      },
      "brief": {
        "small_accuracy": 0.8846153846153846,
        "large_accuracy": 0.9615384615384616,
        "gap": -0.07692307692307698
      },
      "direct": {
        "small_accuracy": 0.23076923076923078,
        "large_accuracy": 0.23076923076923078,
        "gap": 0.0
      }
    },
    "boolq": {
      "control": {
        "small_accuracy": 0.7794117647058824,
        "large_accuracy": 0.5441176470588235,
        "gap": 0.23529411764705888
      },
      "brief": {
        "small_accuracy": 0.8235294117647058,
        "large_accuracy": 0.5808823529411765,
        "gap": 0.24264705882352933
      },
      "direct": {
        "small_accuracy": 0.8088235294117647,
        "large_accuracy": 0.6029411764705882,
        "gap": 0.20588235294117652
      }
    },
    "arc-easy": {
      "control": {
        "small_accuracy": 1.0,
        "large_accuracy": 0.2857142857142857,
        "gap": 0.7142857142857143
      },
      "brief": {
        "small_accuracy": 1.0,
        "large_accuracy": 0.8125,
        "gap": 0.1875
      },
      "direct": {
        "small_accuracy": 0.875,
        "large_accuracy": 0.7946428571428571,
        "gap": 0.0803571428571429
      }
    },
    "commonsenseqa": {
      "control": {
        "small_accuracy": 0.7931034482758621,
        "large_accuracy": 0.23275862068965517,
        "gap": 0.560344827586207
      },
      "brief": {
        "small_accuracy": 0.6724137931034483,
        "large_accuracy": 0.45689655172413796,
        "gap": 0.21551724137931033
      },
      "direct": {
        "small_accuracy": 0.6551724137931034,
        "large_accuracy": 0.6206896551724138,
        "gap": 0.03448275862068961
      }
    },
    "mmlu-stem": {
      "control": {
        "small_accuracy": 0.5,
        "large_accuracy": 0.22727272727272727,
        "gap": 0.2727272727272727
      },
      "brief": {
        "small_accuracy": 0.5909090909090909,
        "large_accuracy": 0.75,
        "gap": -0.15909090909090906
      },
      "direct": {
        "small_accuracy": 0.5454545454545454,
        "large_accuracy": 0.6590909090909091,
        "gap": -0.11363636363636365
      }
    }
  },
  "response_length": {
    "control": {
      "small_length": 127.39776951672863,
      "large_length": 202.02391304347827
    },
    "brief": {
      "small_length": 44.35217391304348,
      "large_length": 81.25434782608696
    },
    "direct": {
      "small_length": 71.97826086956522,
      "large_length": 64.2304347826087
    }
  },
  "statistical_tests": {
    "brevity_helps": {
      "t_stat": 7.800821182294215,
      "p_val": 7.89485501648425e-12,
      "significant": 1.0,
      "n_problems": 96
    },
    "gap_reduction_test": {
      "control_gap": 0.44169225796023925,
      "brief_gap": 0.14782608695652166,
      "reduction": 0.2938661710037176
    }
  }
}