{
  "inverse_pct": 7.4074074074074066,
  "savings_pct": 6.851851851851848,
  "daily_savings": 137.03703703703695,
  "annual_savings": 50018.51851851849,
  "industry_annual_savings": 50018518.51851854
}