{
  "gsm8k": {
    "strong_avg_len": 164.45238095238096,
    "weak_avg_len": 105.64285714285714,
    "len_diff": 58.809523809523824,
    "pval": 8.816210598332387e-05,
    "mechanism": "overthinking"
  },
  "boolq": {
    "strong_avg_len": 59.05365853658537,
    "weak_avg_len": 17.042944785276074,
    "len_diff": 42.0107137513093,
    "pval": 2.6867659255738453e-10,
    "mechanism": "overthinking"
  },
  "arc-easy": {
    "strong_avg_len": 124.95454545454545,
    "weak_avg_len": 120.6421568627451,
    "len_diff": 4.312388591800357,
    "pval": 0.09735701287793279,
    "mechanism": "different_approach"
  },
  "commonsenseqa": {
    "strong_avg_len": 127.68217054263566,
    "weak_avg_len": 119.225,
    "len_diff": 8.457170542635666,
    "pval": 0.05188368807579833,
    "mechanism": "different_approach"
  },
  "mmlu-stem": {
    "strong_avg_len": 158.3361344537815,
    "weak_avg_len": 166.01694915254237,
    "len_diff": -7.680814698760855,
    "pval": 0.6340551084286397,
    "mechanism": "different_approach"
  }
}