{
  "gsm8k": {
    "peak_size": 3.0,
    "peak_accuracy": 0.923076923076923,
    "degradation_threshold": 3.8,
    "correlation": -0.10926930711715821,
    "correlation_pval": 0.6465361086644412
  },
  "boolq": {
    "peak_size": 0.5,
    "peak_accuracy": 0.9230769230769231,
    "degradation_threshold": 3.0,
    "correlation": -0.7497233381881884,
    "correlation_pval": 0.0001413319742866902
  },
  "arc-easy": {
    "peak_size": 2.0,
    "peak_accuracy": 1.0,
    "degradation_threshold": 3.8,
    "correlation": -0.5316271089184414,
    "correlation_pval": 0.015847219089099373
  },
  "commonsenseqa": {
    "peak_size": 3.0,
    "peak_accuracy": 0.8045977011494253,
    "degradation_threshold": 3.8,
    "correlation": -0.5609946121023214,
    "correlation_pval": 0.010071367025859338
  },
  "mmlu-stem": {
    "peak_size": 0.5,
    "peak_accuracy": 0.6666666666666666,
    "degradation_threshold": 1.6,
    "correlation": -0.6766953440246107,
    "correlation_pval": 0.0014637642608721021
  }
}